<?xml version="1.0" encoding="UTF-8"?>
<GenRun Id="synth_1" LaunchPart="xc7z020clg400-1" LaunchTime="1709646388">
  <File Type="PA-TCL" Name="pynqz2_dpu_wrapper.tcl"/>
  <File Type="RDS-PROPCONSTRS" Name="pynqz2_dpu_wrapper_drc_synth.rpt"/>
  <File Type="REPORTS-TCL" Name="pynqz2_dpu_wrapper_reports.tcl"/>
  <File Type="RDS-RDS" Name="pynqz2_dpu_wrapper.vds"/>
  <File Type="RDS-UTIL" Name="pynqz2_dpu_wrapper_utilization_synth.rpt"/>
  <File Type="RDS-UTIL-PB" Name="pynqz2_dpu_wrapper_utilization_synth.pb"/>
  <File Type="RDS-DCP" Name="pynqz2_dpu_wrapper.dcp"/>
  <File Type="VDS-TIMINGSUMMARY" Name="pynqz2_dpu_wrapper_timing_summary_synth.rpt"/>
  <File Type="VDS-TIMING-PB" Name="pynqz2_dpu_wrapper_timing_summary_synth.pb"/>
  <FileSet Name="sources" Type="DesignSrcs" RelSrcDir="$PSRCDIR/sources_1">
    <Filter Type="Srcs"/>
    <File Path="$PSRCDIR/sources_1/bd/pynqz2_dpu/pynqz2_dpu.bd">
      <FileInfo>
        <Attr Name="UsedIn" Val="synthesis"/>
        <Attr Name="UsedIn" Val="implementation"/>
        <Attr Name="UsedIn" Val="simulation"/>
      </FileInfo>
    </File>
    <File Path="$PSRCDIR/sources_1/bd/pynqz2_dpu/hdl/pynqz2_dpu_wrapper.v">
      <FileInfo>
        <Attr Name="UsedIn" Val="synthesis"/>
        <Attr Name="UsedIn" Val="implementation"/>
        <Attr Name="UsedIn" Val="simulation"/>
      </FileInfo>
    </File>
    <Config>
      <Option Name="DesignMode" Val="RTL"/>
      <Option Name="TopModule" Val="pynqz2_dpu_wrapper"/>
      <Option Name="TopAutoSet" Val="TRUE"/>
    </Config>
  </FileSet>
  <FileSet Name="constrs_in" Type="Constrs" RelSrcDir="$PSRCDIR/constrs_1">
    <Filter Type="Constrs"/>
    <Config>
      <Option Name="ConstrsType" Val="XDC"/>
    </Config>
  </FileSet>
  <FileSet Name="utils" Type="Utils" RelSrcDir="$PSRCDIR/utils_1">
    <Filter Type="Utils"/>
    <Config>
      <Option Name="TopAutoSet" Val="TRUE"/>
    </Config>
  </FileSet>
  <Strategy Version="1" Minor="2">
    <StratHandle Name="Vivado Synthesis Defaults" Flow="Vivado Synthesis 2020"/>
    <Step Id="synth_design"/>
  </Strategy>
  <BlockFileSet Type="BlockSrcs" Name="pynqz2_dpu_proc_sys_reset_2_0"/>
  <BlockFileSet Type="BlockSrcs" Name="pynqz2_dpu_dpu_eu_0_0"/>
  <BlockFileSet Type="BlockSrcs" Name="pynqz2_dpu_proc_sys_reset_0_0"/>
  <BlockFileSet Type="BlockSrcs" Name="pynqz2_dpu_processing_system7_0_0"/>
  <BlockFileSet Type="BlockSrcs" Name="pynqz2_dpu_proc_sys_reset_1_0"/>
  <BlockFileSet Type="BlockSrcs" Name="pynqz2_dpu_clk_wiz_0_0"/>
</GenRun>
